,trip_distance,fare_amount,trip_duration_min,passenger_count,tip_amount,tip_rate,tip_paid
trip_distance,1.0,0.9298442447973805,0.7913174668154282,0.01880075516467449,0.6135272056267019,-0.29454766338435645,-0.2014385560738195
fare_amount,0.9298442447973805,1.0,0.8176375123989941,0.036922072825592546,0.6987160963413931,-0.310154509293467,-0.15532505153029968
trip_duration_min,0.7913174668154282,0.8176375123989941,1.0,-0.004753158467243279,0.44198572890797183,-0.3978385751400979,-0.32548859072104747
passenger_count,0.01880075516467449,0.036922072825592546,-0.004753158467243279,1.0,0.056531426197896015,0.016340627598280356,0.045498490308293324
tip_amount,0.6135272056267019,0.6987160963413931,0.44198572890797183,0.056531426197896015,1.0,0.29112027329967394,0.35893382658370315
tip_rate,-0.29454766338435645,-0.310154509293467,-0.3978385751400979,0.016340627598280356,0.29112027329967394,1.0,0.6523399233592697
tip_paid,-0.2014385560738195,-0.15532505153029968,-0.32548859072104747,0.045498490308293324,0.35893382658370315,0.6523399233592697,1.0
